text,label
السلام علیکم,greeting
صبح بخیر آپ کیسے ہیں,greeting
ہیلو دوست خیریت ہے,greeting
خوش آمدید دوست,greeting
آپ کو سلام پیش کرتا ہوں,greeting
شام بخیر امید ہے آپ ٹھیک ہیں,greeting
کیا حال ہے دوست,greeting
سلام آپ کا دن اچھا گزرے,greeting
مجھے مدد چاہیے,help
براہ کرم رہنمائی کریں,help
یہ طریقہ سمجھا دیں,help
اس کام میں میری مدد کریں,help
مجھے استعمال کا طریقہ بتائیں,help
کیا آپ رہنمائی کر سکتے ہیں,help
یہ کیسے ہوتا ہے مدد کریں,help
براہ کرم مجھے سمجھائیں,help
ایپ کام نہیں کر رہی,problem
میرا اکاؤنٹ نہیں کھل رہا,problem
اسکرین بند ہو جاتی ہے,problem
لاگ ان میں خرابی ہے,problem
فائل کھولنے میں مسئلہ ہے,problem
نظام بار بار رک جاتا ہے,problem
ایپ میں خرابی آ رہی ہے,problem
یہ بٹن کام نہیں کرتا,problem
